ID,dia,mes,anio,variable,fechapatria,local,Descripcion,ampliación
1,1,1,,,F,F,La Jornada mundial por la paz y la Jornada argentina por la paz,
2,1,1,,,F,F,El día del Hijo,
3,1,1,,,F,F,El Año nuevo,
4,6,1,,,F,F,El día de reyes,
5,7,1,,,F,F,El día del Coleccionista,
6,10,1,,,F,F,El día de los Trabajadores del Transporte,
7,10,1,,,F,F,El día del Pizzero y Pastelero,
8,19,1,,,F,F,El día Internacional de la Religión,
9,19,1,,,F,F,El día de los Muertos de la Aeronáutica Militar,
10,19,1,,,F,F,El día del Cervecero,
11,22,1,,,F,F,El día Nacional de la Antártida Argentina,
12,23,1,,,F,F,El día Mundial de la Libertad,
13,25,1,1997,,F,F,El día Nacional del Reportero Gráfico,
14,26,1,,,F,F,El día del Pescador,
15,27,1,,,F,F,El día Mundial del Espacio Ultraterrestre,
16,31,1,,,F,F,El día de la Patagonia,
17,1,2,,,F,F,El día de la Vinicultura,
18,2,2,1536,,F,F,"La primera fundación de la ciudad de Buenos Aires, en la banda derecha del Río de la Plata (1536).","La ciudad fue denominada así en honor a la ""Virgen del Buen Aire"", protectora de los navegantes y venerada en Cerdeña."
19,2,2,1878,,F,F,La fundación de la ciudad de Resistencia (Chaco) (1878).,
20,3,2,,,F,F,El día de Conmemoración del Combate de San Lorenzo,
21,4,2,,,F,F,El día del Guardavidas,
22,5,2,,,F,F,El día del Trabajador Deportivo,
23,6,2,,,F,F,El día del Guardabosque,
24,10,2,1874,,F,F,La fundación de la ciudad de Mar Del Plata (1874).,
25,11,2,,,F,F,El Carnaval,
26,12,2,,,F,F,El Carnaval,
27,14,2,,,F,F,El día del Técnico Nacional,
28,14,2,,,F,F,El día de los Enamorados,
29,14,2,,,F,F,El día del Agua y la Energía,
30,15,2,,,F,F,El día del Redactor Publicitario,
31,16,2,,,F,F,El día del Trabajador de la Pesca Industrial,
32,18,2,,,F,F,El día de la Mujer de las Américas,
33,22,2,,,F,F,El día de la Antártida Argentina.,
34,24,2,,,F,F,El día del Trabajador Mecánico Automotor,
35,27,2,,,F,F,El día del Civismo,
36,1,3,,,F,F,El día del Transporte,
37,1,3,,,F,F,El día del Turismo Americano,
38,1,3,,,F,F,El día del Lustrador de Calzado,
39,1,3,,,F,F,El día del Campo,
40,2,3,1561,,F,F,La fundación de la ciudad de Mendoza (1561).,
41,3,3,,,F,F,El día del Aniversario de la muerte del Alte. Guillermo Brown,
42,4,3,,,F,F,El día de los hermanos,
43,4,3,,,F,F,El día Universal de la Oración,
44,5,3,,,F,F,El día del Gas,
45,6,3,,,F,F,El día del Escultor,
46,8,3,,,F,F,El día Internacional de la Mujer,
47,9,3,,,F,F,El día de los Niños Heroicos. Batalla de Tacuarí.,
48,12,3,,,F,F,El día del Escudo Nacional,
49,14,3,,,F,F,El día de las Escuelas de Frontera.,"Decreto del Poder Ejecutivo Nacional Nº 1531, de 1972."
50,14,3,,,F,F,El día del Trabajador de la Alimentación,
51,15,3,,,F,F,El día Internacional del Consumidor,
52,16,3,,,F,F,El día de la Seguridad,
53,18,3,,,F,F,El día del Ruralista,
54,18,3,,,F,F,El día del Trabajador Telefónico,
55,19,3,,,F,F,El día del artesano,
56,19,3,,,F,F,El día del Carpintero,
57,19,3,,,F,F,El día del Industrial Maderero,
58,20,3,,,F,F,El día de la Energía Eléctrica,
59,21,3,,,F,F,El Comienzo el Otoño (en el hemisferio sur),
60,21,3,1960,,F,F,El día Internacional de la Eliminación de la Discriminación Racial,"Se recuerda una manifestación pacífica ocurrida en Sharpevile (Sudáfrica), en oposición a una de las leyes del apartheid. Durante la misma, la policía disparó contra personas de piel negra. Resultaron sesenta y nueve muertos. En 1966 la Asamblea General de las Naciones Unidas eligió esta fecha para recordar la necesidad de que en el mundo se elimine toda forma de discriminación racial."
61,21,3,,,F,F,El día Forestal Mundial,"Fue instituido en 1971 por la Organización de las Naciones Unidas para la Agricultura y la Alimentación (FAO) y está dedicado a todos los árboles del bosque, aún a aquellos que han sido transplantados a los parques, jardines, calles y plazas."
62,21,3,,,F,F,El día Mundial de la Poesía,"La última reunión de la Conferencia General de la Unesco, celebrada en octubre-noviembre de 1999, decidió proclamar el 21 de marzo como el ""Día Mundial de la Poesía""."
63,21,3,,,F,F,El día de la Tierra,
64,22,3,1992,,F,F,El día Mundial del Agua,Declarado por la Asamblea General de la Organización de las Naciones Unidas en su Resolución Nº47/193.
65,23,3,1950,,F,F,El día Mundial de la Meteorología,"Se creó la Organización Meteorológica Mundial (OMM), Organismo Especializado de las Naciones Unidas para la Meteorología (incluidas también la Climatología y la Hidrología Operativa), a partir de lo que el modelo de cooperación internacional adquirió rango intergubernamental. Nuestro país adhirió a esta propuesta mediante la Ley N°14.001 del 2 de enero de 1951."
66,23,3,,,F,F,El día Nacional de la Rehabilitación del Lisiado,
67,24,3,1976,,F,F,El Aniversario del golpe de Estado,
68,24,3,,,F,F,El día del Diplomático,
69,25,3,,,F,F,La Jornada Argentina de Sacrificio Voluntario,
70,25,3,,,F,F,La Campaña Mundial contra el Hambre y Acción Pro Desarrollo (Resolución Ministerial Nº 609 de 1972).,
71,25,3,,,F,F,El día del Niño por Nacer,
72,26,3,1991,,F,F,El día del Mercosur,
73,27,3,,,F,F,El día Mundial del Teatro,
74,27,3,,,F,F,El día del Trabajador Aeronáutico,
75,28,3,,Jueves y viernes,F,F,La Semana Santa (Del 28 al 31 de marzo).,
76,30,3,,,F,F,El día del Instalador,
77,31,3,1965,,F,F,El día del Comportamiento Humano,"Esta celebración simboliza la jerarquización de los valores espirituales y éticos y el fomento de la armonía en la convivencia entre las personas. Se conmemora en recuerdo de Francisco A. Rizzuto, líder de la solidaridad social. Fundó la Liga Pro Comportamiento Humano, una institución sin fines de lucro cuyos ideales eran difundir hermandad y el respeto en la sociedad. Rizzuto falleció el 31 de marzo de 1965."
78,31,3,1970,,F,F,El día Nacional del Agua,
79,2,4,,,F,F,El día Mundial del Libro Infantil,
80,2,4,,,F,F,El día del Veterano de Guerra,
81,2,4,,,F,F,El día del Papelero,
82,3,4,1588,,F,F,La fundación de la ciudad de Corrientes (1588).,
83,3,4,,,F,F,El día del Modelo,
84,3,4,,,F,F,El día del Maderero,
85,5,4,1915,,F,F,La fundación de la Caja Nacional de Ahorro Postal (hoy Caja Nacional de Ahorro y Seguro) (1915),
86,6,4,,,F,F,El día del Empleado Notarial,
87,6,4,,,F,F,El día de la Novia,
88,7,4,,,F,F,El día Mundial de la Salud,
89,7,4,,,F,F,El día del Acoplado y Semirremolque,
90,7,4,,,F,F,El día del trabajador Telepostal,
91,7,4,,,F,F,El día del Corazón,
92,8,4,1879,,F,F,La fundación de la ciudad de Formosa (1879).,
93,9,4,,,F,F,El día del Investigador,
94,10,4,,,F,F,El día del Investigador Científico,
95,10,4,1887,,F,F,El día de la Ciencia y de la Técnica,En conmemoración al natalicio de Bernardo Houssay
96,12,4,,,F,F,El día del Decorador,
97,12,4,,,F,F,El día del Vidrierista,
98,13,4,,,F,F,El día de la Numismática,
99,13,4,,,F,F,El día del Kinesiólogo,
100,13,4,,,F,F,El día de la Refrigeración,
101,14,4,,,F,F,El día de las Américas,
102,16,4,1582,,F,F,La fundación de la ciudad de Salta (1582).,
103,19,4,,,F,F,El día de la Convivencia en la Diversidad Cultural,
104,19,4,1593,,F,F,La fundación de la ciudad de Jujuy (1593).,
105,19,4,,,F,F,El día Panamericano del Indio,
107,21,4,,,F,F,El día de la Sanidad Naval,
108,22,4,,,F,F,El día Mundial de la Tierra,"Cerca de 150 países se han ido sumando para realizar actividades a favor del planeta desde que en 1970 en los Estados Unidos se instauró la fecha. La necesidad de unirse es por las constantes agresiones a la vida del planeta debido a los fenómenos provocados por la inadecuada utilización de los recursos naturales. Esto ha dado lugar a fenómenos como el efecto invernadero, la destrucción de la capa de ozono, la deforestación y la contaminación de los suelos y agua."
111,22,4,1779,,F,F,"La fundación de la ciudad de Viedma, actual capital de la provincia de Río Negro (1779).",
112,22,4,1892,,F,F,"La fundación de la ciudad de Santa Rosa, actual capital de la provincia de La Pampa (1892).",
113,22,4,,,F,F,El día del Trabajador de la Construcción,
114,23,4,1616,,F,F,El día del Idioma,"Esta fecha fue instituida en conmemoración a la fecha de muerte de un verdadero genio del idioma, Miguel de Cervantes Saavedra. El autor de ""El ingenioso hidalgo Don Quijote de la Mancha"" nació en Alcalá de Henares en 1547 y falleció en Madrid."
115,23,4,,,F,F,El día Mundial del Libro y el Derecho de Autor,"La Conferencia General de la Unesco en su vigésimoctava sesión, durante el año 1995, proclamó el 23 de abril como ""Día mundial del libro y del derecho de autor"". Esta idea, promovida por la Unión Internacional de Editores (UIE), fue presentada a la Unesco por el gobierno de España, enriquecida por la noción de derecho de autor por la Federación de Rusia y aprobada unánimemente por todos los Estados miembros. Un antecedente de esta celebración se encuentra en Cataluña, donde tradicionalmente el 23 de Abril (fiesta de San Jordi) se regala un libro y una rosa. Una razón de carácter más universal para escoger este día reside en el hecho de que es la fecha de la muerte de Miguel de Cervantes, de William Shakespeare y del Inca Garcilaso de la Vega, los tres el 23 de abril de 1616."
116,23,4,,,F,F,El día del Condiscípulo,
117,23,4,,,F,F,El día del Arma de Caballería,
118,25,4,,,F,F,El día del Graduado,
119,25,4,,,F,F,El día del Oficinista Militar,
120,25,4,,,F,F,El día de la Miel,
121,26,4,,,F,F,El día del Librero,
122,27,4,,,F,F,El día del Agente de Viajes,
123,27,4,,,F,F,El día del Matrimonio,
124,28,4,,,F,F,El día de la Estación de Servicio,
125,29,4,,,F,F,El día Internacional de la Danza,"El Comité de Danza del Instituto Internacional del Teatro de la Unesco instituyó el ""Día Internacional de la Danza"" en 1982, a partir de la propuesta del maestro ruso Piepor Gusev de Leningrado de homenajear al gran innovador del ballet clásico, el coreógrafo francés Jean Georges Noverre, nacido el 29 de abril de 1727."
126,29,4,,,F,F,El día del Animal,
127,30,4,,,F,F,El día del Abogado,
128,30,4,,,F,F,El día Mundial de la Asoc. Crist. Femenina,
129,1,5,,,F,F,El día Internacional del Trabajador,
130,1,5,1853,,F,F,El día de la Constitución Nacional,
131,1,5,,,F,F,El día del Bautismo de Fuego de la Fuerza Aérea,
132,2,5,,,F,F,El día de la Cruz Roja Internacional.,
133,2,5,,,F,F,El día de hundimiento del Crucero Gral. Belgrano,
134,2,5,,,F,F,El día Nacional del Actor,
135,3,5,,,F,F,El día Mundial de la Libertad de Prensa,
136,3,5,,,F,F,El día de la Policía Montada,
137,3,5,,,F,F,El día de la Yerra,
138,4,5,,,F,F,El día Internacional del Combatiente de Incendios Forestales,
139,6,5,,,F,F,El día del Taxista,
140,6,5,,,F,F,El día de la Industria del Calzado,
141,6,5,,,F,F,El día Mundial del Filatelista,
142,7,5,1945,,F,F,El día de la Minería,
143,7,5,,,F,F,El día del Gráfico,
144,8,5,,,F,F,"El día de Nuestra Señora de Luján, Patrona de la República Argentina.",
145,8,5,,,F,F,El día Nacional de la Prevención Sísmica,
146,8,5,,,F,F,El día de la Cruz Roja Internacional,
147,9,5,,,F,F,El día Internacional de las Aves,
148,10,5,,,F,F,El día de los Medios de Comunicación Social,
149,11,5,1813,,F,F,El día del Himno Nacional Argentino,
150,11,5,,,F,F,El día Internacional de la Enfermera,
151,11,5,,,F,F,El día del Autor y Compositor,
152,12,5,,,F,F,El día del Periodista de Turf,
153,12,5,,,F,F,El día de la Fonoaudióloga,
154,12,5,,,F,F,El día del Nieto,
155,14,5,,,F,F,El día del Dirigente de Fútbol,
156,15,5,,,F,F,El día Internacional de la Latinidad,
157,15,5,1994,,F,F,El día Internacional de las Familias,
158,15,5,,,F,F,El día del Horticultor,
159,15,5,,,F,F,El día del Sanitarista,
160,17,5,,,F,F,El día Mundial de las Telecomunicaciones,
161,17,5,,,F,F,El día de la Armada Nacional,
162,18,5,,,F,F,El día Internacional de Museos,
163,18,5,,,F,F,El día de la Escarapela Nacional,
164,19,5,,,F,F,El día del Agente de Informe Comercial,
165,20,5,1591,,F,F,La fundación de la ciudad de La Rioja (1591).,"Originariamente denominada ""Ciudad de Todos los Santos de la Nueva Rioja"""
166,20,5,,,F,F,El día del Futbolista,
167,21,5,,,F,F,El día del Ahijado,
168,21,5,,,F,F,El día del Radioveterano,
169,21,5,,,F,F,El día del Registrador de la Propiedad Inmueble,
170,22,5,2000,,F,F,El día Internacional de la Diversidad Biológica,
171,22,5,,,F,F,El día del Obrero Fideero,
172,22,5,,,F,F,El día de la Mercería,
173,23,5,,,F,F,El día del Remero,
174,23,5,,,F,F,El día del Cine Argentino,
175,23,5,,,F,F,El día del Trabajador de Turf,
176,23,5,,,F,F,El día del Soldado de Aeronáutica,
177,24,5,,,F,F,El día del Periodista de Turismo,
178,24,5,,,F,F,El día de la Olivicultura,
179,24,5,,,F,F,El día del Operador de Radiodifusión,
180,24,5,,,F,F,El día del Telegrafista,
181,25,5,1810,,F,F,La Revolución de mayo de 1810,Este día los cabildantes reconocieron la autoridad de la Junta Revolucionaria y así se formó el Primer Gobierno Patrio.
182,25,5,,,F,F,El día del Agente de Propaganda Médica,
183,26,5,,,F,F,El día del Visitador Médico,
184,27,5,,,F,F,El día del Marketing,
185,28,5,,,F,F,El día de los Jardines de Infantes y El día de la Maestra Jardinera,"Conmemoraciones en homenaje a la fecha de muerte de la educadora y escritora Rosario Vera Peñaloza, el 28 de mayo de 1950"
186,28,5,,,F,F,El día Internacional de Acción por la Salud,
187,29,5,,,F,F,El día del Ejército Argentino,"Establecido por Decreto del Poder Ejecutivo Nacional Nº 10.296, de 1951."
188,29,5,,,F,F,El día de la Amistad Escolar,
189,29,5,,,F,F,El día del Bicicletero,
190,30,5,,,F,F,El día Nacional de la Donación de Órganos,
191,31,5,,,F,F,El día Nacional de la Energía Atómica,
192,31,5,,,F,F,La primera Fundación de la ciudad de San Miguel de Tucumán.,
193,31,5,,,F,F,El día de la América del Sur,
194,31,5,,,F,F,El día Mundial sin Tabaco,
195,1,6,,,F,F,El día del Tabacalero,
196,1,6,,,F,F,El día del Trabajador Aduanero,
197,1,6,,,F,F,El día del Periodista Aeronáutico,
198,1,6,,,F,F,El día Internacional de la Infancia,
199,2,6,,,F,F,El día del Bombero Voluntario Argentino,
200,2,6,,,F,F,El día Nacional del Graduado en Ciencias Económicas,
201,3,6,1944,,F,F,El día del Aprendiz,"Se conmemora por la institucionalización de la Formación Profesional a nivel estatal el 3 de junio de 1944, cuando se creó la Comisión Nacional de Aprendizaje y Orientación Profesional (CNAOP), dependiente del Ministerio de Trabajo. Más tarde, el 15 de noviembre de 1959, ante la necesidad de unificar la conducción y supervisión de la enseñanza técnica y profesional, se creó el Consejo Nacional de Educación Técnica (CONET)."
202,3,6,,,F,F,El día del Inmigrante Italiano,"La fecha fue elegida en homenaje a la fecha de nacimiento del General Manuel Belgrano, hijo de genoveses."
203,4,6,,,F,F,"El día Internacional de los Niños, víctimas inocentes de la Agresión",
204,5,6,1972,,F,F,El día Mundial del Medio Ambiente,
205,5,6,,,F,F,El día de la Industria Metalúrgica,
206,6,6,1870,,F,F,El día de la Ingeniería Argentina,"En conmemoración a la fecha de graduación del primer ingeniero argentino, Luis Augusto Huergo (1837-1915), en la Universidad de Buenos Aires."
207,6,6,,,F,F,El día de la Hidrografía,
208,6,6,,,F,F,El día de la Empresa,
209,6,6,,,F,F,El día de la Hidrografía,
210,7,6,1938,,F,F,El día del Periodista,
211,7,6,,,F,F,El día de la Conservación del Suelo,
212,7,6,,,F,F,El día del Trabajador Gráfico,
213,8,6,,,F,F,El día Mundial de los Océanos,
214,8,6,,,F,F,El día del Trabajador Azucarero,
215,8,6,,,F,F,El día de los Vecinos,
216,9,6,,,F,F,El día del Geólogo,
217,10,6,,,T,F,"El día de la Afirmación de los Derechos Argentinos sobre las Malvinas, islas y sector antártico","Se fija la fecha por Ley 20.561, del 14 de noviembre de 1973."
218,10,6,,,F,F,El día de la Cruz Roja Argentina,
219,10,6,,,F,F,El día Internacional de la Seguridad Vial,
220,10,6,,,F,F,El día del Trabajador de la Carne,
221,10,6,,,F,F,El día de las Cooperadoras Escolares,
222,11,6,1580,,F,F,La segunda fundación de la ciudad de Buenos Aires (1580).,
223,11,6,,,F,F,El día del Empleado del Automóvil Club Argentino,
224,11,6,,,F,F,El día del Vidriero,
225,13,6,,,F,F,El día del Escritor,
226,13,6,1562,,F,F,La fundación de la ciudad de San Juan (1562).,
227,14,6,,,F,F,El día del Criador de Cerdos,
228,15,6,1908,,F,F,El día del Libro,
229,15,6,,,F,F,El día del Bioquímico,
230,15,6,,,F,F,El día del Padre,
231,16,6,,,F,F,El día del Ingeniero,
232,16,6,,,F,F,El día del Asesor,
233,17,6,,,F,F,El día Mundial de Lucha contra la Desertificación y la Sequía,
234,18,6,,,F,F,El día del Empresario,
235,19,6,1613,,F,F,La fundación de la Universidad Nacional de Córdoba (1613).,
236,19,6,,,F,F,El día del Periodista Técnico,
237,19,6,,,F,F,El día del Barraquero,
238,20,6,,,T,F,El día de la Bandera,
239,21,6,,,F,F,El comienzo del Invierno (en el hemisferio sur),
240,21,6,,,F,F,El día del Apicultor,
241,21,6,,,F,F,El día de la Previsión Social,
242,22,6,,,F,F,El día Mundial del Juego,
243,23,6,,,F,F,El día del Empleado de Enseñanza Privada,
244,24,6,,,F,F,El día del Cantor Nacional,
245,24,6,,,F,F,El día del ex Alumno,
246,24,6,,,F,F,El día de la Conservación del Suelo,
247,26,6,1897,,F,F,El día Internacional de la lucha contra el uso indebido y el tráfico ilícito de drogas,
248,26,6,,,F,F,El día del Calzado,
249,28,6,1989,,F,F,El día del Camarógrafo Argentino,
250,29,6,,,F,F,El día de la Prefectura Naval Argentina,
251,29,6,,,F,F,El día de la Industria Frigorífica,
252,29,6,,,F,F,El día del Pontífice,
253,30,6,,,F,F,El día del Obrero Molinero,
254,1,7,,,F,F,El día Nacional del Escultor,
255,1,7,,,F,F,El día del Historiador,
256,2,7,,,F,F,El día del Asistente Social,
257,2,7,,,F,T,(1936) El circulo de mujeres de la Acción Católica fundó el Ropero Parroquial.,
258,2,7,,,F,T,(1961) Se formó la Sociedad de Bomberos Voluntarios,
259,2,7,,,F,F,El día del Editor de Revistas,
260,2,7,,,F,F,El día Nacional de la Avicultura,
261,3,7,,,F,F,El día del Locutor,
262,3,7,,,F,F,El día Mundial de la Cooperación,
263,3,7,,,F,F,El día del Aeromodelista,
264,3,7,,,F,F,El día del Dirigente de Empresa,
265,4,7,,,F,F,El día Nacional del Médico Rural,
266,4,7,,,F,T,"(1985) Reposición del busto de Eva Perón en la plaza Gral. Paz, habia sido retirado por el gobierno de facto.",
267,5,7,,,F,T,(1930) Marcos Juárez fue elevada a la categoria de ciudad.,
268,5,7,,,F,T,"(1971) La guardería infantil ""Hijitus"", fue creada como una sección de Caritas Parroquial, comenzo a funcionar en 25 de mayo 380.",
269,5,7,,,F,F,El día de la Empleada,
270,6,7,,,F,F,El día Internacional de las Cooperativas y El día Nacional del Cooperativismo,
271,6,7,1573,,F,F,La fundación de la ciudad de Córdoba (1573).,
272,6,7,,,F,T,"(1952) Fallece Ignacio Lardizabal, intendente y consejal de nuestra ciudad.",
273,6,7,,,F,T,(1995) Hallazgo de restos fósiles pertenecientes al cuerpo de un perezoso terreste.,
274,7,7,,,F,F,El día de la Conservación de los Suelos,
275,7,7,,,F,F,El día del Agente de Policía,
276,8,7,,,F,T,(1972) Se formó la Sociedad de Filatelia y Numismática.,
277,8,7,,,F,F,El día del Inventor,
278,8,7,,,F,F,El día del Guardacostas,
279,9,7,1816,,T,F,La Declaración de la Independencia Argentina,
280,9,7,1853,,F,F,La jura de la Constitución Nacional dictada el 1 de Mayo de 1853 en Santa Fe.,
281,9,7,,,F,T,(1906) Fundación del Club Argentino,
282,9,7,,,F,T,(1951) Se inauguró el nuevo edificio de la Escuela Nacional N° 259 (hoy Escuela Juana E. M. de Zambruno),
283,9,7,,,F,T,"(1991) Como parte de los festejos del 85° aniversario, el club Argentino inaugura tres canchas de tenis.",
284,10,7,,,F,T,(1936) Creación del centro de empleados de comercio.,
285,10,7,,,F,T,(1997) Inauguracion oficial de los semáforos de Alem y Ruta n°9,
286,10,7,,,F,F,El día del Comercio y del Comerciante,
287,11,7,,,F,F,El día Mundial de la Población,
288,11,7,,,F,T,(1971) Comenzó a funcionar el Jardín de Infantes de la escuela Gral. San Martín,
289,11,7,,,F,T,(1984) Se formó la Cooperadora Policial.,
290,11,7,,,F,F,El día del Promotor Teatral,
291,12,7,,,F,F,El día Nacional de la Medicina Social,"Por Ley N° 25598, en conmemoración al nacimiento del doctor René G. Favaloro."
292,13,7,,,F,F,El día del Trabajador de la Energía Eléctrica,
293,13,7,,,F,F,El día de la Energía,
294,13,7,,,F,F,El día Nacional de las Telecomunicaciones,
295,14,7,,,F,T,"(1976) Asumió como intendente municiapal el Dr. César Musseta, designado por autoridades provinciales.",
296,14,7,,,F,T,"(1994) Rehabilitación del transito en ruta 12, tras haberse desagotado el agua que cubría el pavimento.",
297,16,7,,,F,F,El día del Servicio Penitenciario Federal,
298,16,7,,,F,F,El día del Consejo Nacional de Educación,
299,17,7,,,F,F,El día Nacional del Automovilismo Deportivo,Instituido por la ley 25.076 del Ministerio del Interior.
300,18,7,,,F,F,El recordatorio del atentado terrorista a la sede de la AMIA-DAIA,Dejó como saldo 85 muertos y más de 300 heridos.
301,18,7,,,F,T,(1897) Manuel Martinez (h) es electo intendente de Marcos Juarez.,
302,18,7,,,F,T,"(1920) Se formó la cooperativa agrícola ""Unión Colonial"" , estubo en funcionamiento por seis años.",
303,18,7,,,F,T,"(1946) El consejo de Educación acordó el nombre de ""Escuela Fiscal Mixta Bartolomé Mitre"" a la hasta entonces ""Escuela del Barrio Noroeste"".",
304,18,7,,,F,T,(1981) Se inaugura Radio Espinillos como emisora de circuito cerrado.,
305,19,7,,,F,F,El día del Químico Industrial,
306,20,7,1969,,F,F,El Aniversario de la llegada del hombre a la luna,"""Tres astronautas estadounidenses —Neil A. Armstrong, Edwin E. Aldrin, y Michael Collins— tripularon el histórico vuelo de julio de 1969 en el que Armstrong y Aldrin pisaron la Luna."" (Enciclopedia Encarta)"
307,20,7,,,F,F,El día del Amigo,
308,20,7,,,F,F,El día Panamericano del Ingeniero,
309,21,7,,,F,T,(1940) Se crea la Escuela Banda Municipal. Don José Cesanelli fue su director.,
310,21,7,,,F,T,"(1961) Apareció el primer numero de ""Semanario"", dirigido por Horacio Saita.",
311,21,7,,,F,F,El día Internacional del Derecho,
312,22,7,,,F,T,"(1998) Fallece Nolberto ""Quico"" Volpi, destacado periodista del Automovilisto Deportivo.",
313,22,7,,,F,T,"(1996) La ""Asociación Marcosjuarense de Cultura Inglesa"" abre las puertas de su nuevo local en H. Irigoyen 768",
314,23,7,,,F,F,El día del Payador,
315,24,7,,,F,F,El día de la Evangelización en América,En homenaje a San Francisco Solano.
316,25,7,1553,,F,F,La fundación de la ciudad de Santiago del Estero (1553).,
317,25,7,,,F,T,"(1928) Se dicto la Ordenanza que determinó el cambio de nombres de varias calles: Central Norte por Leandro N. Alem, Santa Rosa por Francisco Beiró, Ranqueles por Tucumán.",
318,26,7,,,F,T,"(1939) Se creó la ""Escuela Terminal Patricias Argentinas"", estaba ubicada en Entre Ríos 548 (hoy Belgrano)",
319,26,7,,,F,T,"(1941) Se puso en funcionamiento el comedor escolar, ubicado en Ruta 9 y Beiró.",
320,27,7,,,F,T,"(1972) Se habilitó la Estación terminal de Omnibus, durante la Intendencia del Dr. Ramón Méndez Herrero, por lo que hoy lleva su nombre.",
321,27,7,,,F,T,"(1977) Fallece Monseñor Juan Segundo Luque, quien fuera párroco de ""La Asuncion"" durante 44 años.",
322,27,7,,,F,F,El día del Transporte Automotor,
323,27,7,,,F,F,El día del Aluminio,
324,28,7,,,F,F,El día de la Gendarmería Nacional.,
325,28,7,1865,,F,F,"La fundación de la ciudad de Rawson, actual capital de la provincia de Chubut (1865).",Designada en homenaje al doctor Guillermo Rawson (1821-1890)
326,28,7,,,F,T,(1935) Se Oficializó el funcionamiento de la Acción Católica.,
327,28,7,,,F,T,"(1989) Comienza sus emisiones ""FM 13, Radio Marcos Juarez"".",
328,28,7,,,F,F,El día del Personal Doméstico,
329,28,7,,,F,F,El día del Promotor Publicitario,
330,29,7,,,F,F,El día de la Cultura Nacional,"Un decreto presidencial consagró este día, en conmemoración a Ricardo Rojas."
331,29,7,,,F,T,"(1903) Juan Cruz González, asume la intendencia por elección democrática.",
332,29,7,,,F,T,(1955) Quedó constituida como gremio delegación local de la U.E.P.C.,
333,31,7,,,F,T,"(1976) Se formó el ""Centro de Jubilados y Pensionados de Marcos Juárez"".",
334,31,7,,,F,F,El día de la Siderurgia,
335,31,7,,,F,F,El día de la Integración de América Latina,
336,31,7,,,F,F,El día del Arma de Ingenieros,
337,1,8,,,F,T,(1940) Comenzó la inscripción de aspirantes para ingresar a la que se llamaría “Banda Infantil de Música Marcos Juárez”,
338,1,8,,,F,F,El día de la Prensa Filatélica,
339,2,8,,,F,T,"(1979) Falleció el artista plástico local, Don Miguel Daga. Autor de obras como ""El Colonizador"" en Alem y Sáenz Peña y el monumento a José Hernández en la Plaza Presidente Perón.",
340,2,8,,,F,F,El día del Trabajador Gastronómico,
341,2,8,,,F,F,El día del Empleado de Hipódromos,
342,4,8,,,F,F,El día de la Lucha contra la Tuberculosis,
343,4,8,,,F,F,El día del Panadero,
344,5,8,,,F,F,El día del Soldado de Montaña,
345,6,8,1883,,F,F,El día del veterinario en la Argentina.,Se conmemora ya que este día de 1883 se inauguraron las clases del Instituto Superior de Agronomía y Veterinaria en el predio de Santa Catalina en la localidad de Llavallol (Buenos Aires).
346,6,8,1959,,F,F,El día de la Enseñanza Agropecuaria.,
347,6,8,,,F,F,El día del Trabajador Maderero,
348,6,8,,,F,F,El día del Agrónomo,
349,7,8,,,F,F,"El día de San Cayetano, ""Protector del pan y del trabajo"".",
350,7,8,1779,,F,F,La fundación de la Casa de Niños Expósitos (actual Casa Cuna) en la ciudad de Bs.As.(1779).,
351,7,8,,,F,F,El día Olímpico Argentino,
352,7,8,,,F,F,El día de la Marina Mercante,
353,7,8,,,F,F,El día del Ingeniero Agrónomo,
354,8,8,,,F,F,El día del Párroco,
355,8,8,,,F,F,El día de los Centros Tradicionalistas,
356,9,8,,,F,F,El día Internacional de las Poblaciones Indígenas del Mundo,
357,9,8,,,F,T,"(1890) Se labra la primera escritura de la Villa Marcos Juárez, en la que comparece la Sra. Luisa Celestina Caille de Perrén.",
358,10,8,,,F,F,El día de la Fuerza Aérea,
359,10,8,,Segundo domingo de agosto,F,F,El día del Niño,
360,10,8,,,F,T,(1941) Se inaugura el edificio del correo en Alem y 1º de Mayo,
361,10,8,,,F,F,El día de la Educación Técnica,
362,10,8,,,F,F,El día del Sacerdote,
363,11,8,,,F,F,El día del Dietista,
364,12,8,,,F,F,El día Internacional de la Juventud,
365,12,8,,,F,F,El día de la Universidad,
366,12,8,,,F,F,El día del Jabonero,
367,12,8,,,F,F,El día del Trabajador de T.V.,
368,13,8,,,F,T,(1933) Carlos Gardel actua en el Cine Italiano ante una sala totalmente colmada.,
369,14,8,,,F,T,(1890) Se adquiere el terreno del matadero en la manzana N° 57 de la Villa Argentina. Sirvió hasta el año 1983.,
370,14,8,,,F,T,(1937) Se inauguró la Escuela del Trabajo hoy IPEM N° 51,
371,14,8,,,F,F,El día del Algodón,
372,14,8,,,F,F,El día del Cerealista,
373,14,8,,,F,F,El día del Empleado Judicial,
374,15,8,,,F,F,El día de la Asunción de la Virgen María,
375,15,8,,,F,T,"(1903) Se formó la “Sociedad italiana de Socorros Mutuos, Unione e Benevolenza, Valore e Potere”.",
376,15,8,,,F,T,(1975) Fue bendecida la nueva Capilla Nuestra Señora de las Gracias en el Hospital “Abel Ayerza”.,
377,15,8,,,F,T,(1982) Se cerró el templo de “La Asunción” para iniciar su refacción.,
378,15,8,,,F,T,"(1986) En misa concelebrada, Monseñor Disandro realizó la Consagración del Templo de La Asunción.",
379,15,8,,,F,T,"(1987) Se inaugura el Monumento al Inmigrante, ubicado frente al Parque Municipal Intendente Loinas.",
380,15,8,,,F,T,(1997) Se inaugura el cristo del lago noroeste.,
381,16,8,,,F,F,El día del Empresariado nacional,
382,16,8,,,F,F,El día de la Canaricultura,
383,17,8,1850,,T,F,Paso a la inmortalidad del General José de San Martín,(Artículo 4º de la Ley Nº 24.445 de Feriados Nacionales).
384,17,8,,,F,F,El día del Abuelo,
385,18,8,,,F,T,(1908) Se permitió el primer tendido de cables eléctricos. Atravesavan por la calle Catamarca (hoy 25 de Mayo) y el callejón Magdalena (hoy Maipú).,
386,19,8,,,F,T,(1940) Comienzan las clases en la “Banda Infantil de Música Marcos Juárez” con 93 alumnos.,
387,19,8,,,F,T,"(1936) Por Ordenanza N° 233, se denominó “General José de San Martín"" a la escuela municipal del Barrio Sur.",
388,19,8,,,F,T,"(1939) Se bendijo el nuevo templo de la Comunidad Marista, construido sobre el boulevard Lardizábal. Llevó el nombre de Capilla del Sagrado Corazón.",
389,20,8,,,F,F,El día del Despachante de Aduana,
390,20,8,,,F,F,El día Interamericano del Periodista,
391,21,8,,,F,F,El día del Filatelista Argentino,
392,22,8,,,F,F,El día Mundial del Folklore y El día del Folklore Argentino,
393,23,8,1998,,F,F,El día Internacional del Recuerdo de la Trata de Esclavos y de su Abolición,
394,23,8,,,F,T,"(1916) Comenzó la atención al público de la Agencia Marcos Juárez del Banco de la Nación Argentina, en Bv. Entre Ríos y Central Norte (hoy Belgrano y Alem) frente al actual emplazamiento.",
395,23,8,,,F,T,(1964) Se creo la caja de Créditos de Marcos Juárez Cooperativa limitada que cerro sus puertas dos años mas tarde.,
396,23,8,,,F,T,(1979) Se realizó la Asamblea de constitución del Centro Juvenil Agrario “Alborada”.,
397,23,8,,,F,F,El día del Trabajador del Caucho,
398,24,8,,,F,T,"(1924) Se creó el Club Atlético Boca Juniors. Años después, y junto al Club Newell´s Old Boys, fueron la base para el surgimiento del Club A. B. y M. San Martín.",
399,24,8,,,F,F,El día del Fiambrero,
400,25,8,1594,,F,F,La fundación de la ciudad de San Luis (1594).,
401,25,8,,,F,T,(1928) Comenzó la organización concreta de la Federación Argentina de Trabajadores Rurales y Estibadores (F.A.T.R.E. ).,
402,25,8,,,F,F,El día del Peluquero,
403,25,8,,,F,F,El día de la Indumentaria,
404,26,8,1998,,F,F,El día Nacional de la Solidaridad,
405,26,8,,,F,T,(1928) Fue transferida la usina que en 1914 puso en marcha Don Juan Martín a la Compañía Anglo Argentina de Electricidad S.A.,
406,26,8,,,F,F,El día de la Petroquímica,
407,26,8,,,F,F,El día del Actor,
408,26,8,,,F,F,El día de la Facultad de Medicina,
409,27,8,,,F,F,El día de la Radiotelefonía Argentina,
410,27,8,,,F,F,El día del Trabajador de Estaciones de Servicio y GNC,
411,28,8,,,F,T,"(1978) Se fundó la congregación del Santísimo Sacramento, que comenzó su tarea con 78 socios.",
412,28,8,,,F,T,(1953) Primera Obra teatral de la peña “Elevación”,
413,28,8,,,F,F,El día de la Sociedad Anónima,
414,28,8,,,F,F,El día de la Ancianidad,
415,29,8,1840,,F,F,El día del Árbol,
416,29,8,1958,,F,F,El día del Abogado,
417,29,8,,,F,T,(1966) Abrió sus puertas la sucursal Marcos Juárez del Banco Ganadero Argentino.,
418,29,8,,,F,F,El día del Aceitero,
419,30,8,,,F,T,"(1962) Actuó, en el salón del Club San Martín, el pianista Astor Piazzola al frente de un quinteto típico.",
420,30,8,,,F,F,El día del Trabajador de la Industria del Chacinado,
421,30,8,,,F,F,El día del Ferroviario,
422,30,8,,,F,F,El día del Radioteatro,
423,31,8,1897,,F,F,El día de la Fragata Presidente Sarmiento,
424,31,8,,,F,F,El día Internacional de la solidaridad,
425,31,8,,,F,F,El día de la Obstetricia,
426,1,9,,,F,T,(1866) Se inaugura tramo ferroviario de Tortugas a Fraile Muerto (que pasa por nuestra ciudad),
427,1,9,,,F,T,(1981) Se concretó la creación de la Delegación Marcos Juárez del Consejo Profesional de Ciencias Económicas.,
428,1,9,,,F,F,El día del Jubilado Ferroviario,
429,1,9,,,F,F,El día del Periodista Agrario,
430,2,9,,,F,F,El día de la Industria Argentina,
431,3,9,,,F,F,El día del Ferretero,
432,3,9,,,F,F,El día de la Higiene Social,
433,4,9,,,F,F,El día del Inmigrante.,Establecido por decreto del Poder Ejecutivo Nacional Nº 21.430 de 1949.
434,4,9,,,F,F,El día de la Secretaria.,
435,4,9,,,F,F,El día de las Voluntarias de Servicios Hospitalarios,
436,4,9,,,F,F,El día del Parapsicólogo Argentino,
437,4,9,,,F,F,El día del Aerofilatelista,
438,5,9,,,F,F,El día del Niño Explorador,
439,5,9,,,F,F,El día del Voluntario de la Defensa Civil,
440,5,9,,,F,F,El día de la Obra de Arte,
441,6,9,,,F,F,El Año Nuevo Judío.,"Hoy al atardecer comienza el año 5764 y se extiende hasta el 8 a la noche. Por ley 24.571 del Ministerio del Interior, los días de Año Nuevo Judío se declaran no laborables para quienes profesen esta religión."
442,6,9,,,F,T,(1987) Elecciones municipales Henry Bautista Dellarossa es reelecto Intendente con 6.016 votos.,
443,6,9,,,F,F,El día del Soldado,
444,6,9,,,F,F,El día de la Biblia,
445,6,9,,,F,F,El día Nacional de las Relaciones Públicas,
446,6,9,,,F,F,El día de la Banca Nacional,
447,7,9,,,F,T,"(1935) El Int. municipal Dr. Jorge Loinas designó con el nombre de “Juan B. Alberdi"" a la plazoleta ubicada frente a la plaza Gral. Paz.",
448,7,9,,,F,F,El día de la Tía,
449,7,9,,,F,F,El día del Trabajador Metalúrgico,
450,7,9,,,F,F,El día del Fundidor,
451,8,9,,,F,F,El día Internacional de la Alfabetización.,"Su antecedente se encuentra en las disposiciones de la Primera Reunión del Congreso Mundial de Ministros de Educación, realizado en Teherán (Irán) en 1965 (del que participó Argentina) y donde se determinó unificar acciones para la erradicación del analfabetismo."
452,8,9,,,F,F,El día del Cadete de Aeronáutica,
453,8,9,,,F,F,El día del Agricultor y Productor Agrario,
454,9,9,,,F,F,El día Nacional de la Cooperación,
455,10,9,,,F,F,El día del Profesional,
456,11,9,1888,,F,F,El día del Maestro,Se instituye la fecha en honor a la memoria de Domingo Faustino Sarmiento.
457,11,9,,,F,F,El día del Autor Teatral,
458,11,9,,,F,F,El día del Arbol,
459,11,9,,,F,F,El día de la Industria Lechera,
460,11,9,,,F,F,El día del Cliente,
461,12,9,,,F,F,El día de la Industria Naval,
462,12,9,,,F,F,El día del Inmigrante,
463,13,9,,,F,F,El día del Bibliotecario,"Por gestiones realizadas ante el Ministerio de Cultura y Educación, la Asociación de Bibliotecarios Graduados de la República Argentina (ABGRA), logró que se instituyera este día a través del artículo 2 del Decreto N° 17.650/54."
464,13,9,,,F,F,El día del Trabajador del Calzado,
465,13,9,,,F,F,El día de la Infantería,
466,14,9,,,F,F,El día del Cartero,
467,14,9,,,F,F,El día del Boxeador,
468,15,9,,,F,T,"(1946) Se constituyó la Cooperativa Agrícola Ganadera de Marcos Juárez Limitada, con ciento once socios fundadores.",
469,15,9,,,F,F,El día de la Flor,
470,15,9,,,F,F,El día del Magistrado,
471,15,9,,,F,F,El día del Comercio Automotor,
472,15,9,,,F,F,El día del Trabajador Fosforero,
473,15,9,,,F,F,El día del Lanero,
474,16,9,,,F,F,El día Internacional de la Protección de la Capa de Ozono,"Se realiza en conmemoración al día en que se firmó el Protocolo de Montreal, en 1987, relativo a las sustancias que agotan la capa de ozono (Resolución 49/114 del 19 de diciembre)."
475,16,9,,,F,F,El día de los Derechos de los Estudiantes Secundarios,"Fecha instituida por la Comisión Provincial por la Memoria, en conmemoración a 'La Noche de los Lápices', ocurrida en 1976."
476,16,9,,Tercer martes de setiembre,F,F,El día Internacional de la Paz,
477,17,9,,,F,F,El día del Profesor,"Recuerda al profesor, orador, escritor, periodista y educador José Manuel Estrada, que nació el 13 de julio de 1842 y falleció el 17 de septiembre de 1894."
478,17,9,,,F,F,El día del Psicopedagogo,
479,17,9,,,F,F,El día del Perfumista,
480,17,9,,,F,F,El día de la Enseñanza Media,
481,17,9,,,F,F,El día Internacional de la Paz,
482,18,9,,,F,T,(1887) Un grupo de vecinos envió una nota al Ministerio de Gobierno de la Provincia para que nuestro pueblo sea declarado Villa con el nombre de “Marcos Juárez”.,
483,18,9,,,F,F,El día del Lavandero,
484,19,9,,,F,T,(1911) Se fundó el primer comité radical en Marcos Juárez,
485,19,9,,,F,T,(1987) Inicia sus emisiones Televisora Regional Unimar,
486,19,9,,,F,F,El día de la Instrumentadora Quirúrjica,
487,19,9,,,F,F,El día del Sordomudo,
488,20,9,,,F,F,El día de los novios (San Valentín),
489,20,9,,,F,F,El día del jubilado,
490,20,9,,,F,F,El día del Feriante,
491,20,9,,,F,F,El día de la Honradez,
492,21,9,,,F,F,El día de la Primavera,
493,21,9,,,F,F,El día del Estudiante,
494,21,9,,,F,F,El día Mundial de las Artes,
495,21,9,,,F,T,"(1948) Organizada por los alumnos del Instituto Secundario “Mariquita Sánchez de Thompson”, se lleva a cabo en la Plaza Gral. Paz, la primera Estudiantina marcosjuarense.",
496,21,9,,,F,T,"(1963) Se hizo entrega a la Autoridad Eclesiástica de Villa María., del templo que se levantó en el Barrio Sur y lleva el nombre de Nuestra Sra. de la Merced.",
497,21,9,,,F,T,"(1988) El coro de la sociedad italiana actúa en el Festival Internacional de Coros en Porto Alegre, (Brasil)",
498,21,9,,,F,F,El día del Fotógrafo,
499,21,9,,,F,F,El día del Trabajador de la Sanidad,
500,21,9,,,F,F,El día de los Enamorados,
501,21,9,,,F,F,El día Mundial de la Paz,
502,21,9,,,F,F,El día de los Artistas Plásticos,
503,21,9,,,F,F,El día del Droguero,
504,21,9,,,F,F,El día del Transplantado,
505,21,9,,,F,F,El día del Economista,
506,21,9,,,F,F,El día del Periodista Jubilado,
507,21,9,,,F,F,El día del Almacenero,
508,22,9,,,F,F,El día de las Bibliotecas Populares,
509,22,9,,,F,F,El día de la Informática Educativa,
510,22,9,,,F,F,El día del Tintorero,
511,23,9,,,F,F,El día del Corresponsal Extranjero,
512,23,9,,,F,F,El día de las Bibliotecas Populares,
513,23,9,,,F,F,El día de la Sonrisa,
514,24,9,,,F,F,El día del Trabajador de la Industria Química,
515,24,9,,,F,F,"El día de la Educación para la Salud ""Enfermedades Alérgicas""",
516,24,9,,,F,F,El día del Colectivero,
517,24,9,,,F,F,El día del Novio,
518,25,9,,,F,F,El día del Paracaidista Militar,
519,25,9,,,F,F,El día del Comerciante de Materiales para la Construcción,
520,25,9,,,F,F,El día de la Voluntaria,
521,26,9,,,F,T,(1926) Se instituyo la Cofradía de la Virgen de La Guardia con 80 socias.,
522,26,9,,,F,F,El día del Marroquinero,
523,26,9,,,F,F,El día Interamericano de las Relaciones Públicas,
524,26,9,,,F,F,El día del Empleado de Comercio,
525,27,9,,,F,F,El día Nacional de la Conciencia Ambiental,"Declarado en 1995 por Ley 24605 del Ministerio del Interior, en memoria de las personas fallecidas como consecuencia del escape de gas cianhídrico ocurrido en la ciudad de Avellaneda, Provincia de Buenos Aires, el 27 de septiembre de 1993."
526,27,9,,,F,F,El día Internacional del Turismo,
527,28,9,,,F,F,El día de las Ferias y Exposiciones,
528,28,9,,,F,F,El día del Rector,
529,28,9,,,F,F,El día Internacional del Productor de Seguros,
530,29,9,1990,,F,F,El día del Inventor,
531,29,9,2000,,F,F,El día Mundial del Corazón,La Federación Mundial del Corazón decidió que se celebre este día el último domingo de septiembre de cada año.
532,29,9,1685,,F,F,La segunda Fundación de la ciudad de San Miguel de Tucumán (1685).,
533,29,9,,,F,T,"(1912) Apareció el primer número del periódico local “La Defensa"". Fue el segundo en salir en nuestra localidad.",
534,29,9,,,F,T,(1977) Se elevó el templo Nuestra Sra. de la Merced a la categoría de Parroquia.,
535,29,9,,,F,F,El día del Diplomático,
536,29,9,,,F,F,El día Marítimo Mundial,
537,30,9,,,F,T,"(1954) Se fundó el Centro Cooperativo Marcos Juárez, ligado a la Federación Agraria Argentina.",
538,30,9,,,F,F,El día Internacional del Traductor,
539,30,9,,,F,F,El día del Comprador,
540,1,10,,,F,F,El día Nacional del Teatro,"En conmemoración del incendio del Teatro de la Ranchería, primer teatro que existió en Buenos Aires."
541,1,10,,,F,T,"(1980) El edificio del antiguo Mercado Modelo Municipal (Lardizabal y 9 de Julio), es cedido al Hogar Obrero Cooperativa de Consumo.",
542,1,10,,,F,T,"(1986) El primer Juez de Falta Municipal asume sus funciones en la ciudad, a cargo del Dr. Gabriel Yercovich.",
543,1,10,,,F,F,El día Internacional de la Música,
544,1,10,,,F,F,El día Panamericano del Viajante Vendedor,
545,1,10,,,F,F,El día del Mar,
546,2,10,,,F,F,El día Internacional del Notariado Latino,
547,2,10,,,F,F,El día del Trabajador de Edificios,
548,3,10,,,F,F,El día del Odontólogo,
549,3,10,,,F,F,El día del Aerobismo,
550,3,10,,,F,F,El día del Mutualismo,
551,4,10,,,F,F,El día del Camino,
552,4,10,,,F,F,El día de la Oración por la Paz Mundial,
553,4,10,,,F,F,El día del Meteorólogo,
554,5,10,1925,,F,F,El día del Camino,
555,5,10,1992,,F,F,El día Interamericano del Agua,
556,5,10,,,F,T,(1930) Inauguración del Edificio de la Sociedad Italiana de Socorros Mutuos.,
557,5,10,,,F,F,El día del Turista,
558,5,10,,,F,F,El día de la Artillería,
559,5,10,,,F,F,El día del Cadete Naval Militar,
560,6,10,,,F,F,El día del Teatro Rioplatense,
561,6,10,,Primer lunes de Octubre,F,F,El día Mundial del Hábitat,
562,6,10,,,F,T,(1958) Creación de la Cámara Junior de Marcos Juárez. Su primer Presidente fue el Sr. Eduardo Cesanelli.,
563,6,10,,,F,F,El día de los Museos Municipales,
564,6,10,,,F,F,El día Mundial de la Arquitectura,
565,6,10,,,F,F,El día del Mutualismo,
566,6,10,,,F,F,El día del Circo,
567,7,10,,,F,F,"La fundación de la ciudad de Rosario, en Santa Fe.",
568,7,10,,,F,T,"(1953) Fallece de Don José Cesanelli, hombre público, fue concejal y director de la Escuela Banda Infantil Municipal",
569,8,10,,Segundo miercoles de octubre,F,F,El día Internacional de la Reducción de los Desastres Naturales,
570,8,10,,,F,F,El día del Trabajador Rural,
571,8,10,,,F,F,El día Universal de Servicio,
572,8,10,,,F,F,El día del Mercado,
573,9,10,1934,,F,F,El día del Guardaparque Nacional,
574,9,10,,,F,F,El día de las Fabricaciones Militares,
575,9,10,,,F,F,El día Mundial del Correo,
576,10,10,,,F,F,El día Nacional de la Danza,
577,10,10,,,F,T,"(1893) El templo ""La Asunción"" es elevada a Parroquia, siendo su primer párroco el Presbítero Elmiro Ruiz.",
578,10,10,,,F,T,"(1946) Con el fin de lograr el acercamiento y unión del sector agropecuario, nace el Centro de Productores Rurales.",
579,10,10,,,F,F,El día del Arbitro,
580,10,10,,,F,F,El día de los Derechos Humanos,
581,10,10,,,F,F,El día de las Construcciones Educacionales,
582,10,10,,,F,F,El día del Industrial Panadero,
583,11,10,,,F,F,El día Nacional de la Patagonia,
584,11,10,,,F,F,El día de la Productividad,
585,11,10,,,F,F,El día del Martillero Público,
586,12,10,,,F,F,El día de la Raza,
587,12,10,,,F,F,El día del Psicólogo,
588,12,10,,,F,T,"(1996) El conjunto musical ""Grupo 3"" , formado por Alberto Schulthes, Marcos Comba, Rodolfo Ferrando, y la voz de Darío Cano, presenta su primer disco compacto titulado ""Síntesis"".",
589,12,10,,,F,F,El día del Bochófilo,
590,12,10,,,F,F,El día Mundial y Regional de la Alimentación,
591,12,10,,,F,F,El día del Farmacéutico Argentino,
592,13,10,,,F,F,El día de la Patagonia,
593,13,10,,,F,F,El día del Administrador,
594,14,10,,,F,F,El comienzo de la Semana de la Familia.,
595,14,10,,,F,T,"(1959) Oficialización con el nombre de Escuela Nacional de Comercio, la Sección Comercial del Instituto Maquirita de Sánchez.",
596,14,10,,,F,F,El día del Obrero del Vestido,
597,15,10,2001,,F,F,El día de la mujer rural,
598,15,10,,,F,F,El día de las Cooperadoras Escolares,
599,15,10,,,F,F,El día del Peletero,
600,15,10,,,F,F,El día Universal de la Danza,
601,16,10,1979,,F,F,El día Mundial de la Alimentación,
602,16,10,1884,,F,F,La fundación de la ciudad de Neuquén (1884).,
603,16,10,,,F,F,El día Nacional de la Frontera,
604,17,10,1945,,F,F,El día de la Lealtad.,En memoria del movimiento popular que permitió la liberación y el reintegro al poder de Juan Domingo Perón.
605,17,10,1992,,F,F,El día Internacional para la Erradicación de la Pobreza,
606,17,10,,,F,T,(1997) Se inauguró la Planta de Residuos Sólidos Domiciliarios en Villa Argentina.,
607,18,10,1872,,F,F,La fundación de la ciudad de Posadas (1872).,
608,18,10,,,F,T,(1970) Inauguración del Sistema de Alarma Automática para incendios en el Cuerpo de de Bomberos Voluntarios. Única en el país.,
609,18,10,,,F,F,El día de la Protección de la Naturaleza,
610,18,10,,,F,F,El día de la Sanidad Militar,
611,18,10,,,F,F,El día del Tenis,
612,18,10,,,F,F,El día del Peinador,
613,19,10,,,F,T,"(1887) A solicitud de los vecinos, el Gobierno de la Provincia de Córdoba, impone el nombre de Villa Marcos Juárez, a la Estación Espinillos.",
614,19,10,,,F,T,"(1986) Se inaugura ""Radio Centenario"" en calle Belgrano 980 la primera Radio de Frecuencia Modulada de la ciudad.",
615,19,10,,,F,T,(1986) Inauguración de la Plaza Centenario en Barrio Villa el Panal.,
616,19,10,,,F,T,"(1987) Es inaugurado el busto al primer Intendente de la ciudad, Don Nicolás Tiscornia, en las interrupciones de Avda Alem y Roque Saenz Peña.",
617,19,10,,,F,T,(1990) Busto del primer intendente es descubierto en la Dirección de Servicios de la ciudad ubicado en calles San Juan y Ecuador.,
618,19,10,,,F,T,"(1993) La Dirección de Tránsito. Inaugura en el salón de ExMercado (Hoy Coyspu) la Mini Ciudad Infantil, con la finalidad de brindar educación vial a los estudiantes de la ciudad.",
619,19,10,,,F,T,"(1995) En el Lago Noroeste se habilita el puente ""Emilio Guarnieri"".",
620,19,10,,,F,T,(1997) Se inaugura el Circuito de la Asociación Marcosjuarense de Motociclismo de Velocidad.,
621,19,10,,,F,F,El día de la Madre,
622,19,10,,,F,F,El día del Carnicero,
623,20,10,,,F,T,"(1892) El primer cura de la población, Elmiro Ruiz, asume en la Iglesia La Asunción.",
624,20,10,,,F,T,"(1990) En el ingreso al Parque Loinas, se descubre un busto con la figura del Dr. Jorge Loinas, realizado por el Escultor Carlos Comello.",
625,20,10,,,F,F,El día Nacional de la Flor,
626,20,10,,,F,F,El día de la Pediatría,
627,20,10,,,F,F,El día del Procurador,
628,21,10,,,F,F,El día del Seguro,"Fue establecido por el Decreto Nº 24.203 del 8 de septiembre de 1944. La fijación de ese día fue propiciada por la Superintendencia de Seguros de la Nación para conmemorar la primera iniciativa gubernamental, atribuida a Bernardino Rivadavia, de crear un Banco de descuentos y una Compañía de Seguros Marítimos que, aunque no llegó a materializarse, se concretó el 21 de octubre de 1811 en una nota dirigida por el Primer Triunvirato al Tribunal del Consulado."
629,21,10,,,F,F,El día del Radioaficionado,
630,21,10,,,F,F,El día del Técnico Especializado,
631,21,10,,,F,F,El día del Trabajador de Seguros,
632,21,10,,,F,F,El día del Periodista Especializado,
633,23,10,1730,,F,F,La fundación de la ciudad de Paraná (1730).,
634,23,10,,,F,F,El día Mundial de las Misiones Pontificias,
635,24,10,1948,,F,F,El día de las Naciones Unidas,"En Argentina, se conmemora a partir del Decreto del Poder Ejecutivo Nacional Nº 19.326, de 1956."
636,24,10,1972,,F,F,El día Mundial de Información sobre el Desarrollo,
637,24,10,1978,,F,F,El comienzo de la semana del Desarme (24 al 30 de octubre),
638,24,10,,,F,F,El día del Diseñador Gráfico,
639,24,10,,,F,F,El día del Diseñador Industrial,
640,24,10,,,F,F,El día del Niño Jardinero,
641,24,10,,,F,F,El día del Refugiado,
642,25,10,,,F,F,El día de la Educación Física,
643,26,10,,,F,F,El día de la Suegra,
644,27,10,,,F,T,(1899) Habilitación del actual Cementerio,
645,28,10,,,F,F,El día de la Policía Federal,
646,28,10,,,F,F,El día del Curtidor,
647,29,10,,,F,F,La fundación de la Base Aérea Vice Comodoro Marambio de la Antártida Argentina.,
648,29,10,,,F,T,"(1893) Primer Bautismo en la Parroquia La Asunción, el niño: Francisco Bernardi.",
649,29,10,,,F,F,El día de la Prefectura Naval Argentina,
650,30,10,,,F,F,El día de la Democracia,
651,30,10,,,F,F,El día Nacional del Cine,
652,30,10,,,F,F,El día del Trabajador Ceramista,
653,30,10,,,F,F,El día del Dirigente de Empresa,
654,30,10,,,F,F,El día de la Asistencia Social,
655,31,10,,,F,F,El día Universal del Ahorro,"En octubre de 1924 se reunió en Milán (Italia) el Congreso Internacional de Ahorro. Concurrieron delegados de casi todos los países y se trataron temas sobre la organización y legislación de las cajas de ahorro. Al término de las sesiones, el 31 de octubre, se dejó instituida esta fecha."
656,31,10,,,F,T,"(1932) Es asesinado Abel Ayerza (Hijo), luego de ser secuestrado al ingreso de la estancia de su padre.",
657,31,10,,,F,F,El día de la Aviación Civil,
658,31,10,,,F,F,El día del Obrero Textil,
659,31,10,,,F,F,El día del Isleño,
660,1,11,,,F,F,El día de Todos los Santos,
661,1,11,,,F,T,(1985) Inició sus actividades gremiales en Marcos Juárez la Asociación de Trabajadores de la Sanidad Argentina (A.T.S.A.),
662,2,11,,,F,F,El día de los Muertos,
663,2,11,,,F,T,"(1978) Después de veinticinco años de fecunda labor, dejó de prestar servicios la Sub-Filial ALPI de Marcos Juárez.",
664,2,11,,,F,T,(1918) Se forma en Marcos Juárez el Sindicato de Carreros Unidos.,
665,3,11,,,F,F,El día del Artista Argentino,
666,3,11,,,F,T,"(1904) Abrió sus puertas en la Villa Marcos Juárez, la sucursal del Banco de la Provincia de Córdoba, la primera en el interior de la provincia.",
667,3,11,,,F,T,"(1974) El Obispo de la Diócesis de Villa Maria, Monseñor Alberto Deane, bendijo la Capilla de la Virgen del Rosario del Milagro, ubicada en el Barrio Noroeste",
668,3,11,,,F,F,El día del Joyero y Relojero,
669,3,11,,,F,F,El día del Pedicuro,
670,4,11,,,F,T,"(1957) Se recibieron en Marcos Juárez, las primeras imágenes por televisión, con una antena y un aparato armados y ajustados para tal fin, por los hermanos D'Anna.",
671,4,11,,,F,F,El día de la UNESCO,
672,5,11,,,F,T,(1980) Henry Dellarossa fue designado Comisionado Municipal,
673,5,11,,,F,T,"(1994) Los talleres Protegidos, que funcionan en nuestra ciudad desde el año 1988, inauguran su edificio propio en la esquina de las calles Mendoza y Rafael Nuñez.",
674,5,11,,,F,F,El día del Camisero,
675,5,11,,,F,F,El día de las Páginas Amarillas,
676,6,11,,,F,F,El día de los Parques Nacionales,El día de los parques nacionales se conmemora en homenaje al perito Francisco P. Moreno.
677,6,11,,,F,F,El día del Trabajador Bancario,
678,6,11,,,F,T,(1887) Primeras elecciones para designar autoridades de gobierno en la Villa Marcos Juárez. Resultando electo Intendente Don Nicolás Tiscornia.,
679,6,11,,,F,T,"(1918) Quedó constituida la Sociedad de Estibadores de Marcos Juárez, que nucleo a los obreros estibadores de la Villa Marcos Juarez",
680,6,11,,,F,T,(1954) Inauguración del barrio Eva Perón,
681,6,11,,,F,F,El día Nacional del Comercio,
682,6,11,,,F,F,El día de la Exportación Argentina,
683,7,11,,,F,F,El día del Canillita,"Se conmemora en homenaje al dramaturgo uruguayo Florencio Sánchez, fallecido el 7 de noviembre de 1910."
684,7,11,,,F,T,"(1884) Nace en Italia don José Cesanelli, quien fuera maestro y Director de la Banda infantil y Municipal de nuestra ciudad, que hoy lleva su nombre.",
685,7,11,,,F,F,El día del Quiosco,
686,7,11,,,F,F,El día del Tasador,
687,7,11,,,F,F,El día del Periodista Deportivo,
688,8,11,,,F,F,El día Mundial del Urbanismo y de la Arquitectura,
689,8,11,,,F,T,(1973) Un grupo de vecinos crea la “Organización Marcosjuarense para Ayuda Comunitaria” (O.M.P.A.C.) con la finalidad de colaborar con las instituciones de bien público de la ciudad.,
690,8,11,,,F,F,El día Municipal del Deporte,
691,9,11,,,F,T,(1893) Se registra la primera defunción en los archivos de la Parroquia “La Asunción”,
692,9,11,,,F,F,El día del Dador Voluntario de Sangre,
693,9,11,,,F,F,El día de la Solidaridad,
694,9,11,,,F,F,El día de la Abuela,
695,10,11,,,F,F,El día de la Tradición,
696,10,11,,,F,F,El día del Municipal,
697,10,11,,,F,F,El día del Dibujante,
698,11,11,,,F,T,(1929) Incorporación del Instituto María Inmaculada al sistema educativo provincial,
699,11,11,,,F,F,El día de la Paz,
700,11,11,,,F,F,El día del Comercio,
701,12,11,,,F,T,"(1964) Monseñor Juan Segundo Luque fue distinguido por el Papa Paulo VI, con la dignidad de “Camarero Secreto de Su Santidad”",
702,12,11,,,F,T,"(1982) El movimiento Plásticos de Marcos Juárez abre su “Primer Salón” con pintura, esculturas, tapices, xilografías, cerámicas y pirograbados",
703,13,11,,,F,T,"(1893) Primer matrimonio en parroquia “La Asunción”, fue entre José Thomas e Isabel Garay.",
704,13,11,,,F,F,El día del Taquígrafo,
705,13,11,,,F,F,El día del Cadete Naval,
706,13,11,,,F,F,El día de la Muñeca,
707,14,11,,,F,F,El día Internacional de la Diabetes,
708,14,11,,,F,T,"(1957) Fue creado el Rotary Club de Marcos Juárez, siendo en esta fecha cuando recibió la carta constitutiva que lo acredita como miembro del Rotary Internacional. Fue su primer presidente el Dr. Raúl Fantín.",
709,14,11,,,F,T,(1965) Se formó el Centro Regional de Bioquímicos de Marcos Juárez,
710,14,11,,,F,F,El día del Tambero,
711,15,11,,,F,F,El día de la Educación Técnica,"Se conmemora por la creación, en 1959, del Consejo Nacional de Educación Técnica (CONET), organismo que rige la enseñanza de distintas especialidades tecnológicas y científicas en numerosas escuelas de nuestro país, actualmente llamado Instituto Nacional de Educación Tecnológica (INET)."
712,15,11,1573,,F,F,La fundación de la ciudad de Santa Fe (1573).,
713,15,11,,,F,F,El día del Perito Técnico Minero,
714,15,11,,,F,F,El día del Patrimonio Arquitectónico,
715,16,11,,,F,F,El día Internacional de la Tolerancia,"El 12 de diciembre de 1996, la Asamblea General de Naciones Unidas (ONU) invitó a los Estados Miembros a que todos los años, el 16 de noviembre observaran el Día Internacional para la Tolerancia. El 16 de noviembre de 1995, los Estados miembros de la Unesco habían aprobado la Declaración de Principios sobre la Tolerancia y el Plan de Acción de seguimiento para el Año de las Naciones Unidas para la Tolerancia."
716,16,11,1997,,F,F,El día de la Evangelización Salesiana en la Patagonia,
717,16,11,1945,,F,F,"La fundación de la Organización de las Naciones Unidas para la Educación, la Ciencia y la Cultura (UNESCO) (1945).",
718,16,11,,,F,T,(1925) Elección de Pedro Bongioani como intendente,
719,16,11,,,F,T,"(1968) Dependiente del Rotary Club de Marcos Juárez, se creó el Interact Club de Marcos Juárez, destinado a los estudiantes secundarios.",
720,16,11,,,F,F,El día del Deportista,
721,17,11,1998,,F,F,El día Nacional del Escultor,
722,17,11,,,F,T,(1935) El Dr. Jorge Loinas es electo intendente,
723,17,11,,,F,F,El día de la Aviación del Ejército,
724,17,11,,,F,F,El día de la Construcción,
725,19,11,1882,,F,F,La fundación de la ciudad de La Plata como nueva capital de la provincia de Bs. As. (1882).,
726,19,11,,,F,T,"(1980) Intensa granizada en Marcos Juárez, con piedras de gran tamaño que ocasionaron daños importantes en edificios y vehículos.",
727,19,11,,,F,F,El día de la Infantería de Marina,
728,19,11,,,F,F,El día del Maquinero de Coser y Tejer,
729,20,11,,,F,F,El día de la Soberanía,Establecido por Ley Nº 20.770
730,20,11,,,F,F,El día Internacional de los Derechos del Niño,
731,20,11,,,F,T,(1983) Culmina en el club Argentino el 8° Campeonato mundial de Casin individual.. El marcosjuarense Hugo Cenzón resultó séptimo.,
732,20,11,,,F,F,El día de la Aviación Civil,
733,20,11,,,F,F,El día del Aire Puro,
734,21,11,1996,,F,F,El día Mundial de la Televisión,
735,21,11,,,F,F,El día de la Enfermera,
736,22,11,,,F,F,El día Universal de la Música,
737,22,11,,,F,F,El día de la Flor Nacional: El Ceibo,
738,22,11,,,F,T,(1986) El club Argentino inaugura su pileta olimpica en las instalaciones de su Country,
739,23,11,,,F,F,El día Nacional de la Defensa Civil,
740,24,11,,,F,F,El día del Trabajador Plástico,
741,25,11,,,F,F,El día internacional para la Eliminación de la Violencia contra la Mujer,
742,25,11,,,F,F,El día Nacional de la Defensa Civil,
743,25,11,,,F,T,"(1953) Fallece el Dr. Rafael D’accini, que fue medico y Director del hospital “Dr. Abel Ayerza”",
744,25,11,,,F,T,"(1985) Se declaro Monumento histórico a la torre elevadora de granos, que en 1894 se construyo en el comercio de los Sres. Juan Lardizábal e Hijos",
745,25,11,,,F,F,El día del Marino Mercante,
746,25,11,,,F,F,El día de la Hotelería Argentina,
747,26,11,,,F,F,El día de la Aviación Civil,
748,26,11,,,F,F,El día del Químico,
749,27,11,,,F,T,(1898) Fue electo intendente Municipal Don Ignacio Lardizábal,
750,27,11,,,F,T,"(1929) Por disposición municipal, se exceptuó del pago de impuestos, por el término de diez años, a toda industria nueva que se instalara en esta ciudad.",
751,27,11,,,F,F,El día del Jubilado,
752,29,11,,,F,T,(1968) Primer festival de la academia de danzas del club San Martín,
753,29,11,,,F,F,El día del Cafetero,
754,29,11,,,F,F,El día de la Agricultura,
755,30,11,,,F,F,El día del Teatro Nacional,"En conmemoración del incendio del Teatro de la Ranchería, primer teatro que existió en Buenos Aires."
756,30,11,,,F,F,El día del Librero,
757,1,12,,,F,F,El día Mundial del SIDA,
758,1,12,,,F,T,"(1999) Inauguración del reloj digital construido por profesores y alumnos del IPEM ""Nicolás Avellaneda” y ubicado en la esquina de San Martín y Alem",
759,1,12,,,F,F,El día del Subterráneo,
760,1,12,,,F,F,El día Panamericano de la Farmacia,
761,1,12,,,F,F,El día del Farmacéutico y Bioquímico,
762,2,12,,,F,F,El día Internacional de la Abolición de la Esclavitud,
763,2,12,,,F,T,"(1930) Después del golpe militar del 30, renuncio el Intendente Municipal Don Enrique Ferrer",
764,2,12,,,F,F,El día del Legislador,
765,3,12,,,F,F,El día Internacional del Discapacitado,
766,3,12,,,F,F,El día del médico,
767,3,12,,,F,F,El día del Carrocero,
768,3,12,,,F,F,El día del Mosaísta,
769,3,12,,,F,F,El día del Camarógrafo,
770,4,12,,,F,F,El día del Minero,"En homenaje a Santa Bárbara, patrona de los mineros."
771,4,12,,,F,T,"(1983) Se fundó el club de los Abuelos, institución destinada a brindar esparcimiento a las personas de la tercera edad.",
772,4,12,,,F,F,El día del Arma de Artillería,
773,4,12,,,F,F,El día del I.N.T.A.,
774,4,12,,,F,F,El día de la Publicidad,
775,5,12,,,F,F,El día Internacional de los Voluntarios para el Desarrollo Económico y Social,
776,5,12,,,F,F,El día Nacional del Ama de Casa,
777,5,12,,,F,F,El día del Instituto Geográfico Militar,
778,5,12,,,F,F,El día Nacional del Gaucho,
779,5,12,,,F,F,El día del Camión en América,
780,6,12,,,F,F,El día del Gaucho,
781,6,12,,,F,F,El día del Encerador,
782,7,12,,,F,F,El día Internacional de la Aviación Civil,
783,7,12,,,F,F,El día del Agente Bursátil,
784,7,12,,,F,F,El día del Distribuidor Mayorista,
785,8,12,,,F,F,El día de la Inmaculada Concepción de la Virgen María,
786,8,12,,,F,T,(1936) Bendición de la capilla del Colegio Maria Inmaculada,
787,8,12,,,F,F,El día del Trabajador Autónomo,
788,8,12,,,F,F,El día de la Amistad,
789,9,12,,,F,T,(1961) Se inauguraron las instalaciones actuales del Club Argentino.,
790,9,12,,,F,F,El día de la Informática,
791,10,12,1972,,F,F,El día Universal de la Declaración de los Derechos Humanos,
792,10,12,,,F,T,"(1976) Fundación de Coyspu, nuestra cooperativa",
793,10,12,,,F,T,(1983) Henry B. Dellarossa asume su primer periodo como intendente,
794,10,12,,,F,T,(1991) Henry B. Dellarossa asume su tercer periodo como intendente,
795,10,12,,,F,T,(1995) Asume la intendencia el Dr. Roberto Perez Morata,
796,10,12,,,F,T,(1998) Henry B. Dellarossa asume su cuarto periodo como intendente,
797,10,12,,,F,F,El día de la Sanidad Argentina,
798,10,12,,,F,F,El día de la Ecónoma,
799,11,12,,,F,F,El día Nacional del Tango,Se festeja en conmemoración a las fechas de nacimiento de Carlos Gardel (1890) y de Julio De Caro (1899).
800,11,12,,,F,T,(1938) Inauguración oficial del edificio del Banco Córdoba,
801,11,12,,,F,T,(1938) Inauguración oficial de la Escuela Mariano Moreno.,
802,11,12,,,F,T,"(1998) Visita Marcos Juárez el Dr. Carlos Saúl Menem. Constituyéndose en el primer Presidente Argentino, elegido democráticamente, que visitó nuestra ciudad.",
803,11,12,,,F,F,El día de la Industria Lanera,
804,11,12,,,F,F,El día del Reservista,
805,12,12,,,F,T,"(1937) Llegó a la estación del ferrocarril un tanque para entregar combustible, a precio de costo, a los agricultores, para utilizar lanzallamas en la lucha contra la plaga de langostas",
806,12,12,,,F,F,El día de la Maquinaria Agrícola,
807,13,12,,,F,F,El día de la Policía de la Provincia de Buenos Aires,
808,13,12,,,F,F,El día de la Estación de Servicio,
809,13,12,,,F,F,El día del Petróleo,
810,15,12,,,F,F,El día del Trabajador Camionero,
811,16,12,,,F,F,El día del Optico,
812,17,12,,,F,F,El día del Contador,
813,17,12,,,F,F,El día del Supermercadista,
814,18,12,,,F,F,El día Internacional del Migrante,
815,18,12,,,F,F,El día del Trabajador de la Exhibición Cinematográfica,
816,19,12,,,F,T,(1944) Se constituye la “Federación Comercial e Industrial de Marcos Juárez”,
817,19,12,,,F,T,(1963) Se fundó la Filial Marcos Juárez de la Sociedad Dante Alighieri,
818,19,12,,,F,T,"(1976) Se inauguró la Filial Marcos Juárez del Ateneo Folklórico Nacional, en ocasión del XIII festival Provincial de Folklore.",
819,20,12,,,F,T,"(1930) Por Decreto Provincial N° 822 Serie F, fue nombrado Comisionado Municipal, e1 Sr. Atilio Pastore.",
820,20,12,,,F,T,"(1982) Se inauguró el azud, la planta potabilizadora y el acueducto de 59 Km., de la obra para el suministro de agua potable a nuestra ciudad.",
821,20,12,,,F,F,El día del Reportero Gráfico,
822,21,12,,,F,F,El comienzo del Verano (en el hemisferio sur),
823,21,12,,,F,T,(1985) Se inauguró el nuevo templo de La Asunción después de su restauración.,
824,21,12,,,F,F,El día de la Municipalidad,
825,21,12,,,F,F,El día de la Salud Mental,
826,22,12,,,F,F,El día del Estibador Portuario,
827,22,12,,,F,F,El día del Camionero de Hacienda,
828,25,12,,,F,F,Navidad,
829,26,12,,,F,T,(1960) Inauguración del actual edificio de la Intendencia Municipal.,
830,27,12,,,F,T,(1931) Elecciones en Marcos Juárez. Resultó electo el Dr. Jorge Loinas por la Unión Vecinal.,
831,28,12,,,F,F,El día de los Santos Inocentes,
832,29,12,,,F,T,"(1958) El Consejo Directivo del Instituto Nacional de Tecnología Agropecuaria, adquirió el campo de 1451 hectáreas, donde funciona actualmente la Estación Experimental Agropecuaria.",
34934065,19,8,,,F,T,(2003) Comienza la presuscripción de lineas CoyspuTEL,
34934066,31,12,,,F,F,Víspera de Año Nuevo,
34934067,24,12,,,F,F,Nochebuena,
34934068,11,1,,,F,T,Conmemoración del fallecimiento del Dr. Jorge Loinas,
